observation_date,CPIUFDSL
2000-01-01,165.600
2000-02-01,166.200
2000-03-01,166.500
2000-04-01,166.700
2000-05-01,167.300
2000-06-01,167.400
2000-07-01,168.300
2000-08-01,168.700
2000-09-01,168.900
2000-10-01,169.000
2000-11-01,169.200
2000-12-01,170.000
2001-01-01,170.300
2001-02-01,171.200
2001-03-01,171.700
2001-04-01,172.100
2001-05-01,172.400
2001-06-01,173.100
2001-07-01,173.600
2001-08-01,174.000
2001-09-01,174.200
2001-10-01,174.800
2001-11-01,174.900
2001-12-01,174.700
2002-01-01,175.300
2002-02-01,175.700
2002-03-01,176.100
2002-04-01,176.400
2002-05-01,175.800
2002-06-01,175.900
2002-07-01,176.100
2002-08-01,176.100
2002-09-01,176.500
2002-10-01,176.400
2002-11-01,176.900
2002-12-01,177.100
2003-01-01,177.100
2003-02-01,178.100
2003-03-01,178.400
2003-04-01,178.500
2003-05-01,178.800
2003-06-01,179.700
2003-07-01,179.800
2003-08-01,180.500
2003-09-01,180.900
2003-10-01,181.600
2003-11-01,182.600
2003-12-01,183.500
2004-01-01,183.400
2004-02-01,183.900
2004-03-01,184.200
2004-04-01,184.600
2004-05-01,186.100
2004-06-01,186.400
2004-07-01,186.800
2004-08-01,187.000
2004-09-01,186.900
2004-10-01,187.800
2004-11-01,188.400
2004-12-01,188.400
2005-01-01,188.700
2005-02-01,188.600
2005-03-01,189.100
2005-04-01,190.400
2005-05-01,190.600
2005-06-01,190.500
2005-07-01,190.900
2005-08-01,191.100
2005-09-01,191.500
2005-10-01,192.000
2005-11-01,192.600
2005-12-01,192.900
2006-01-01,193.600
2006-02-01,193.700
2006-03-01,194.000
2006-04-01,193.800
2006-05-01,194.100
2006-06-01,194.700
2006-07-01,195.200
2006-08-01,195.700
2006-09-01,196.300
2006-10-01,196.900
2006-11-01,197.000
2006-12-01,197.100
2007-01-01,198.378
2007-02-01,199.736
2007-03-01,200.432
2007-04-01,200.952
2007-05-01,201.735
2007-06-01,202.557
2007-07-01,203.232
2007-08-01,204.008
2007-09-01,205.003
2007-10-01,205.651
2007-11-01,206.493
2007-12-01,206.874
2008-01-01,208.126
2008-02-01,208.901
2008-03-01,209.324
2008-04-01,211.127
2008-05-01,212.019
2008-06-01,213.333
2008-07-01,215.434
2008-08-01,216.528
2008-09-01,217.768
2008-10-01,218.667
2008-11-01,219.070
2008-12-01,219.073
2009-01-01,219.234
2009-02-01,218.949
2009-03-01,218.510
2009-04-01,218.175
2009-05-01,217.813
2009-06-01,217.813
2009-07-01,217.387
2009-08-01,217.376
2009-09-01,217.258
2009-10-01,217.452
2009-11-01,217.581
2009-12-01,217.904
2010-01-01,218.489
2010-02-01,218.552
2010-03-01,218.990
2010-04-01,219.209
2010-05-01,219.331
2010-06-01,219.285
2010-07-01,219.234
2010-08-01,219.480
2010-09-01,220.219
2010-10-01,220.521
2010-11-01,220.946
2010-12-01,221.215
2011-01-01,222.469
2011-02-01,223.504
2011-03-01,225.213
2011-04-01,226.072
2011-05-01,226.940
2011-06-01,227.515
2011-07-01,228.482
2011-08-01,229.634
2011-09-01,230.682
2011-10-01,230.899
2011-11-01,231.118
2011-12-01,231.557
2012-01-01,232.213
2012-02-01,232.140
2012-03-01,232.591
2012-04-01,233.044
2012-05-01,233.219
2012-06-01,233.683
2012-07-01,233.845
2012-08-01,234.244
2012-09-01,234.404
2012-10-01,234.843
2012-11-01,235.253
2012-12-01,235.677
2013-01-01,236.011
2013-02-01,235.992
2013-03-01,236.213
2013-04-01,236.655
2013-05-01,236.454
2013-06-01,236.980
2013-07-01,237.184
2013-08-01,237.451
2013-09-01,237.519
2013-10-01,237.750
2013-11-01,237.947
2013-12-01,238.182
2014-01-01,238.492
2014-02-01,239.408
2014-03-01,240.447
2014-04-01,241.241
2014-05-01,242.408
2014-06-01,242.646
2014-07-01,243.235
2014-08-01,243.792
2014-09-01,244.480
2014-10-01,244.866
2014-11-01,245.394
2014-12-01,246.237
2015-01-01,246.197
2015-02-01,246.495
2015-03-01,246.072
2015-04-01,246.002
2015-05-01,246.239
2015-06-01,246.937
2015-07-01,247.157
2015-08-01,247.742
2015-09-01,248.492
2015-10-01,248.755
2015-11-01,248.525
2015-12-01,248.206
2016-01-01,248.353
2016-02-01,248.606
2016-03-01,248.029
2016-04-01,248.235
2016-05-01,247.856
2016-06-01,247.683
2016-07-01,247.658
2016-08-01,247.746
2016-09-01,247.772
2016-10-01,247.812
2016-11-01,247.741
2016-12-01,247.725
2017-01-01,248.065
2017-02-01,248.735
2017-03-01,249.244
2017-04-01,249.589
2017-05-01,249.972
2017-06-01,249.770
2017-07-01,250.185
2017-08-01,250.469
2017-09-01,250.826
2017-10-01,251.048
2017-11-01,251.195
2017-12-01,251.716
2018-01-01,252.377
2018-02-01,252.264
2018-03-01,252.365
2018-04-01,252.867
2018-05-01,252.864
2018-06-01,253.167
2018-07-01,253.598
2018-08-01,253.949
2018-09-01,254.302
2018-10-01,254.170
2018-11-01,254.887
2018-12-01,255.877
2019-01-01,256.533
2019-02-01,257.253
2019-03-01,257.681
2019-04-01,257.325
2019-05-01,257.818
2019-06-01,257.952
2019-07-01,258.059
2019-08-01,258.288
2019-09-01,258.865
2019-10-01,259.434
2019-11-01,260.048
2019-12-01,260.483
2020-01-01,261.293
2020-02-01,261.962
2020-03-01,262.622
2020-04-01,266.370
2020-05-01,268.086
2020-06-01,269.553
2020-07-01,268.532
2020-08-01,268.957
2020-09-01,269.043
2020-10-01,269.653
2020-11-01,269.636
2020-12-01,270.781
2021-01-01,271.223
2021-02-01,271.498
2021-03-01,271.756
2021-04-01,272.761
2021-05-01,273.890
2021-06-01,276.002
2021-07-01,277.759
2021-08-01,278.985
2021-09-01,281.299
2021-10-01,283.972
2021-11-01,286.057
2021-12-01,287.798
2022-01-01,290.144
2022-02-01,292.978
2022-03-01,295.713
2022-04-01,298.363
2022-05-01,301.684
2022-06-01,304.845
2022-07-01,308.083
2022-08-01,310.739
2022-09-01,312.835
2022-10-01,315.023
2022-11-01,316.500
2022-12-01,317.798
2023-01-01,319.421
2023-02-01,320.651
2023-03-01,320.797
2023-04-01,321.209
2023-05-01,321.933
2023-06-01,322.406
2023-07-01,323.046
2023-08-01,323.957
2023-09-01,324.332
2023-10-01,325.424
2023-11-01,325.808
2023-12-01,326.442
2024-01-01,327.575
2024-02-01,327.803
2024-03-01,328.004
2024-04-01,328.413
2024-05-01,328.864
2024-06-01,329.651
2024-07-01,330.142
2024-08-01,330.644
2024-09-01,331.716
2024-10-01,332.418
2024-11-01,333.492
2024-12-01,334.456
2025-01-01,335.671
2025-02-01,336.223
2025-03-01,337.686
2025-04-01,337.424
2025-05-01,338.386
2025-06-01,339.498
2025-07-01,339.652
2025-08-01,341.208
2025-09-01,342.054
