,date,current_price,month,year,previous_price
1,1973-09,0.6527,September,1973,0.65484
2,1973-10,0.659552380952381,October,1973,0.6527
3,1973-11,0.64681,November,1973,0.659552380952381
4,1973-12,0.6709368421052632,December,1973,0.64681
5,1974-01,0.7169909090909091,January,1974,0.6709368421052632
6,1974-02,0.7565500000000001,February,1974,0.7169909090909091
7,1974-03,0.7321761904761905,March,1974,0.7565500000000001
8,1974-04,0.714795238095238,April,1974,0.7321761904761905
9,1974-05,0.7309818181818183,May,1974,0.714795238095238
10,1974-06,0.725355,June,1974,0.7309818181818183
11,1974-07,0.7058590909090909,July,1974,0.725355
12,1974-08,0.6335909090909091,August,1974,0.7058590909090909
13,1974-09,0.544295,September,1974,0.6335909090909091
14,1974-10,0.5753636363636363,October,1974,0.544295
15,1974-11,0.6029611111111112,November,1974,0.5753636363636363
16,1974-12,0.5946421052631579,December,1974,0.6029611111111112
17,1975-01,0.5608863636363636,January,1975,0.5946421052631579
18,1975-02,0.5345722222222222,February,1975,0.5608863636363636
19,1975-03,0.51371,March,1975,0.5345722222222222
20,1975-04,0.480640909090909,April,1975,0.51371
21,1975-05,0.5203428571428571,May,1975,0.480640909090909
22,1975-06,0.5614285714285715,June,1975,0.5203428571428571
23,1975-07,0.6314409090909091,July,1975,0.5614285714285715
24,1975-08,0.8466238095238096,August,1975,0.6314409090909091
25,1975-09,0.8145571428571428,September,1975,0.8466238095238096
26,1975-10,0.8096045454545454,October,1975,0.8145571428571428
27,1975-11,0.7747875,November,1975,0.8096045454545454
28,1975-12,0.8397285714285714,December,1975,0.7747875
29,1976-01,0.93162,January,1976,0.8397285714285714
30,1976-02,0.9938833333333332,February,1976,0.93162
31,1976-03,1.0015565217391305,March,1976,0.9938833333333332
32,1976-04,1.2244904761904762,April,1976,1.0015565217391305
33,1976-05,1.356565,May,1976,1.2244904761904762
34,1976-06,1.4895818181818183,June,1976,1.356565
35,1976-07,1.3632619047619048,July,1976,1.4895818181818183
36,1976-08,1.5392727272727271,August,1976,1.3632619047619048
37,1976-09,1.5708619047619048,September,1976,1.5392727272727271
38,1976-10,1.7361,October,1976,1.5708619047619048
39,1976-11,1.825236842105263,November,1976,1.7361
40,1976-12,2.063242857142857,December,1976,1.825236842105263
41,1977-01,2.1895904761904763,January,1977,2.063242857142857
42,1977-02,2.4256526315789473,February,1977,2.1895904761904763
43,1977-03,3.0029434782608697,March,1977,2.4256526315789473
44,1977-04,3.175705,April,1977,3.0029434782608697
45,1977-05,2.867504761904762,May,1977,3.175705
46,1977-06,2.6266363636363637,June,1977,2.867504761904762
47,1977-07,2.233405263157895,July,1977,2.6266363636363637
48,1977-08,2.0115304347826086,August,1977,2.233405263157895
49,1977-09,1.7761333333333331,September,1977,2.0115304347826086
50,1977-10,1.612575,October,1977,1.7761333333333331
51,1977-11,1.9698105263157897,November,1977,1.612575
52,1977-12,1.833690476190476,December,1977,1.9698105263157897
53,1978-01,1.95384,January,1978,1.833690476190476
54,1978-02,1.8832764705882352,February,1978,1.95384
55,1978-03,1.5860999999999998,March,1978,1.8832764705882352
56,1978-04,1.716665,April,1978,1.5860999999999998
57,1978-05,1.607540909090909,May,1978,1.716665
58,1978-06,1.6617318181818184,June,1978,1.607540909090909
59,1978-07,1.26388,July,1978,1.6617318181818184
60,1978-08,1.3923304347826089,August,1978,1.26388
61,1978-09,1.492415,September,1978,1.3923304347826089
62,1978-10,1.5281809523809524,October,1978,1.492415
63,1978-11,1.456715,November,1978,1.5281809523809524
64,1978-12,1.28106,December,1978,1.456715
65,1979-01,1.300740909090909,January,1979,1.28106
66,1979-02,1.2611684210526315,February,1979,1.300740909090909
67,1979-03,1.3386363636363636,March,1979,1.2611684210526315
68,1979-04,1.425245,April,1979,1.3386363636363636
69,1979-05,1.5495,May,1979,1.425245
70,1979-06,1.954990476190476,June,1979,1.5495
71,1979-07,2.0767,July,1979,1.954990476190476
72,1979-08,2.052482608695652,August,1979,2.0767
73,1979-09,2.117157894736842,September,1979,2.052482608695652
74,1979-10,2.1373391304347824,October,1979,2.117157894736842
75,1979-11,2.1504190476190477,November,1979,2.1373391304347824
76,1979-12,1.9250789473684211,December,1979,2.1504190476190477
77,1980-01,1.7226363636363635,January,1980,1.9250789473684211
78,1980-02,1.6966736842105263,February,1980,1.7226363636363635
79,1980-03,1.8930952380952384,March,1980,1.6966736842105263
80,1980-04,1.8373857142857144,April,1980,1.8930952380952384
81,1980-05,1.9770714285714288,May,1980,1.8373857142857144
82,1980-06,1.849909523809524,June,1980,1.9770714285714288
83,1980-07,1.6220681818181817,July,1980,1.849909523809524
84,1980-08,1.3987190476190476,August,1980,1.6220681818181817
85,1980-09,1.3296428571428571,September,1980,1.3987190476190476
86,1980-10,1.2858913043478262,October,1980,1.3296428571428571
87,1980-11,1.1391222222222224,November,1980,1.2858913043478262
88,1980-12,1.2238095238095237,December,1980,1.1391222222222224
89,1981-01,1.27795,January,1981,1.2238095238095237
90,1981-02,1.2091105263157893,February,1981,1.27795
91,1981-03,1.2391590909090908,March,1981,1.2091105263157893
92,1981-04,1.2597380952380952,April,1981,1.2391590909090908
93,1981-05,1.2131,May,1981,1.2597380952380952
94,1981-06,0.9716681818181818,June,1981,1.2131
95,1981-07,1.0816590909090908,July,1981,0.9716681818181818
96,1981-08,1.1379095238095238,August,1981,1.0816590909090908
97,1981-09,1.1645714285714286,September,1981,1.1379095238095238
98,1981-10,1.349931818181818,October,1981,1.1645714285714286
99,1981-11,1.440225,November,1981,1.349931818181818
100,1981-12,1.363357142857143,December,1981,1.440225
101,1982-01,1.402775,January,1982,1.363357142857143
102,1982-02,1.526042105263158,February,1982,1.402775
103,1982-03,1.3738478260869569,March,1982,1.526042105263158
104,1982-04,1.3516095238095238,April,1982,1.3738478260869569
105,1982-05,1.2676,May,1982,1.3516095238095238
106,1982-06,1.3735272727272727,June,1982,1.2676
107,1982-07,1.243857142857143,July,1982,1.3735272727272727
108,1982-08,1.3050045454545456,August,1982,1.243857142857143
109,1982-09,1.342690476190476,September,1982,1.3050045454545456
110,1982-10,1.4097380952380951,October,1982,1.342690476190476
111,1982-11,1.3774799999999998,November,1982,1.4097380952380951
112,1982-12,1.318690476190476,December,1982,1.3774799999999998
113,1983-01,1.2794285714285714,January,1983,1.318690476190476
114,1983-02,1.2487894736842104,February,1983,1.2794285714285714
115,1983-03,1.2308913043478262,March,1983,1.2487894736842104
116,1983-04,1.23408,April,1983,1.2308913043478262
117,1983-05,1.2844285714285717,May,1983,1.23408
118,1983-06,1.2606454545454546,June,1983,1.2844285714285717
119,1983-07,1.2769499999999998,July,1983,1.2606454545454546
120,1983-08,1.287786956521739,August,1983,1.2769499999999998
121,1983-09,1.3214761904761905,September,1983,1.287786956521739
122,1983-10,1.4214285714285717,October,1983,1.3214761904761905
123,1983-11,1.4700904761904765,November,1983,1.4214285714285717
124,1983-12,1.4525,December,1983,1.4700904761904765
125,1984-01,1.42,January,1984,1.4525
126,1984-02,1.443905,February,1984,1.42
127,1984-03,1.4627272727272729,March,1984,1.443905
128,1984-04,1.503935,April,1984,1.4627272727272729
129,1984-05,1.4932045454545453,May,1984,1.503935
130,1984-06,1.4635952380952382,June,1984,1.4932045454545453
131,1984-07,1.4141190476190475,July,1984,1.4635952380952382
132,1984-08,1.458347826086957,August,1984,1.4141190476190475
133,1984-09,1.397657894736842,September,1984,1.458347826086957
134,1984-10,1.3559782608695652,October,1984,1.397657894736842
135,1984-11,1.4049333333333334,November,1984,1.3559782608695652
136,1984-12,1.3983157894736842,December,1984,1.4049333333333334
137,1985-01,1.4611363636363637,January,1985,1.3983157894736842
138,1985-02,1.452321052631579,February,1985,1.4611363636363637
139,1985-03,1.4358571428571427,March,1985,1.452321052631579
140,1985-04,1.433028571428571,April,1985,1.4358571428571427
141,1985-05,1.449477272727273,May,1985,1.433028571428571
142,1985-06,1.443225,June,1985,1.449477272727273
143,1985-07,1.367952380952381,July,1985,1.443225
144,1985-08,1.3519409090909091,August,1985,1.367952380952381
145,1985-09,1.3712894736842105,September,1985,1.3519409090909091
146,1985-10,1.4513636363636364,October,1985,1.3712894736842105
147,1985-11,1.5914199999999998,November,1985,1.4513636363636364
148,1985-12,2.04705,December,1985,1.5914199999999998
149,1986-01,2.410840909090909,January,1986,2.04705
150,1986-02,2.3271526315789473,February,1986,2.410840909090909
151,1986-03,2.4571750000000003,March,1986,2.3271526315789473
152,1986-04,2.3054,April,1986,2.4571750000000003
153,1986-05,2.1602619047619047,May,1986,2.3054
154,1986-06,1.804357142857143,June,1986,2.1602619047619047
155,1986-07,1.781785714285714,July,1986,1.804357142857143
156,1986-08,1.7805666666666666,August,1986,1.781785714285714
157,1986-09,2.057857142857143,September,1986,1.7805666666666666
158,1986-10,1.8310434782608696,October,1986,2.057857142857143
159,1986-11,1.6089055555555556,November,1986,1.8310434782608696
160,1986-12,1.403452380952381,December,1986,1.6089055555555556
161,1987-01,1.271,January,1987,1.403452380952381
162,1987-02,1.2338631578947368,February,1987,1.271
163,1987-03,1.061,March,1987,1.2338631578947368
164,1987-04,1.1078476190476192,April,1987,1.061
165,1987-05,1.21455,May,1987,1.1078476190476192
166,1987-06,1.0836045454545455,June,1987,1.21455
167,1987-07,1.0364545454545455,July,1987,1.0836045454545455
168,1987-08,1.0624809523809524,August,1987,1.0364545454545455
169,1987-09,1.1548571428571428,September,1987,1.0624809523809524
170,1987-10,1.2282727272727274,October,1987,1.1548571428571428
171,1987-11,1.268184210526316,November,1987,1.2282727272727274
172,1987-12,1.2838181818181815,December,1987,1.268184210526316
173,1988-01,1.287825,January,1988,1.2838181818181815
174,1988-02,1.37318,February,1988,1.287825
175,1988-03,1.348108695652174,March,1988,1.37318
176,1988-04,1.34112,April,1988,1.348108695652174
177,1988-05,1.3360238095238095,May,1988,1.34112
178,1988-06,1.355318181818182,June,1988,1.3360238095238095
179,1988-07,1.339675,July,1988,1.355318181818182
180,1988-08,1.1976652173913045,August,1988,1.339675
181,1988-09,1.274190476190476,September,1988,1.1976652173913045
182,1988-10,1.2459761904761906,October,1988,1.274190476190476
183,1988-11,1.259065,November,1988,1.2459761904761906
184,1988-12,1.3859285714285714,December,1988,1.259065
185,1989-01,1.4417142857142855,January,1989,1.3859285714285714
186,1989-02,1.3188315789473684,February,1989,1.4417142857142855
187,1989-03,1.3020227272727274,March,1989,1.3188315789473684
188,1989-04,1.355115,April,1989,1.3020227272727274
189,1989-05,1.3077045454545455,May,1989,1.355115
190,1989-06,1.196490909090909,June,1989,1.3077045454545455
191,1989-07,0.8776249999999999,July,1989,1.196490909090909
192,1989-08,0.8073913043478261,August,1989,0.8776249999999999
193,1989-09,0.8256249999999999,September,1989,0.8073913043478261
194,1989-10,0.7255909090909091,October,1989,0.8256249999999999
195,1989-11,0.750075,November,1989,0.7255909090909091
196,1989-12,0.78145,December,1989,0.750075
197,1990-01,0.8065227272727273,January,1990,0.78145
198,1990-02,0.8605315789473685,February,1990,0.8065227272727273
199,1990-03,0.946409090909091,March,1990,0.8605315789473685
200,1990-04,0.94817,April,1990,0.946409090909091
201,1990-05,0.9432272727272728,May,1990,0.94817
202,1990-06,0.8941904761904761,June,1990,0.9432272727272728
203,1990-07,0.8823095238095239,July,1990,0.8941904761904761
204,1990-08,0.9543565217391304,August,1990,0.8823095238095239
205,1990-09,0.9705,September,1990,0.9543565217391304
206,1990-10,0.9240652173913044,October,1990,0.9705
207,1990-11,0.8509249999999999,November,1990,0.9240652173913044
208,1990-12,0.914,December,1990,0.8509249999999999
209,1991-01,0.8705454545454546,January,1991,0.914
210,1991-02,0.8852210526315789,February,1991,0.8705454545454546
211,1991-03,0.936025,March,1991,0.8852210526315789
212,1991-04,0.9110545454545456,April,1991,0.936025
213,1991-05,0.8817954545454545,May,1991,0.9110545454545456
214,1991-06,0.8550449999999999,June,1991,0.8817954545454545
215,1991-07,0.8368095238095238,July,1991,0.8550449999999999
216,1991-08,0.8181090909090909,August,1991,0.8368095238095238
217,1991-09,0.8988250000000001,September,1991,0.8181090909090909
218,1991-10,0.8155652173913043,October,1991,0.8988250000000001
219,1991-11,0.7910736842105264,November,1991,0.8155652173913043
220,1991-12,0.796,December,1991,0.7910736842105264
221,1992-01,0.7737727272727273,January,1992,0.796
222,1992-02,0.6880052631578947,February,1992,0.7737727272727273
223,1992-03,0.7180909090909091,March,1992,0.6880052631578947
224,1992-04,0.6654571428571427,April,1992,0.7180909090909091
225,1992-05,0.6285999999999999,May,1992,0.6654571428571427
226,1992-06,0.5984681818181818,June,1992,0.6285999999999999
227,1992-07,0.5998181818181818,July,1992,0.5984681818181818
228,1992-08,0.5271523809523809,August,1992,0.5998181818181818
229,1992-09,0.5427857142857143,September,1992,0.5271523809523809
230,1992-10,0.6297272727272727,October,1992,0.5427857142857143
231,1992-11,0.6796947368421052,November,1992,0.6297272727272727
232,1992-12,0.7820227272727273,December,1992,0.6796947368421052
233,1993-01,0.6654,January,1993,0.7820227272727273
234,1993-02,0.6327421052631579,February,1993,0.6654
235,1993-03,0.6171304347826087,March,1993,0.6327421052631579
236,1993-04,0.5595761904761904,April,1993,0.6171304347826087
237,1993-05,0.6142749999999999,May,1993,0.5595761904761904
238,1993-06,0.60245,June,1993,0.6142749999999999
239,1993-07,0.7130238095238095,July,1993,0.60245
240,1993-08,0.7482590909090909,August,1993,0.7130238095238095
241,1993-09,0.7957857142857143,September,1993,0.7482590909090909
242,1993-10,0.7498095238095238,October,1993,0.7957857142857143
243,1993-11,0.7615000000000001,November,1993,0.7498095238095238
244,1993-12,0.7719523809523808,December,1993,0.7615000000000001
245,1994-01,0.7336428571428572,January,1994,0.7719523809523808
246,1994-02,0.7588684210526315,February,1994,0.7336428571428572
247,1994-03,0.8059782608695653,March,1994,0.7588684210526315
248,1994-04,0.8341421052631579,April,1994,0.8059782608695653
249,1994-05,1.1599761904761905,May,1994,0.8341421052631579
250,1994-06,1.3771681818181818,June,1994,1.1599761904761905
251,1994-07,2.168125,July,1994,1.3771681818181818
252,1994-08,1.943791304347826,August,1994,2.168125
253,1994-09,2.195666666666667,September,1994,1.943791304347826
254,1994-10,1.9634761904761904,October,1994,2.195666666666667
255,1994-11,1.74023,November,1994,1.9634761904761904
256,1994-12,1.6413571428571427,December,1994,1.74023
257,1995-01,1.6770952380952382,January,1995,1.6413571428571427
258,1995-02,1.646063157894737,February,1995,1.6770952380952382
259,1995-03,1.7478695652173912,March,1995,1.646063157894737
260,1995-04,1.6879526315789477,April,1995,1.7478695652173912
261,1995-05,1.6629090909090911,May,1995,1.6879526315789477
262,1995-06,1.4835681818181818,June,1995,1.6629090909090911
263,1995-07,1.4022894736842104,July,1995,1.4835681818181818
264,1995-08,1.4734391304347825,August,1995,1.4022894736842104
265,1995-09,1.286,September,1995,1.4734391304347825
266,1995-10,1.219909090909091,October,1995,1.286
267,1995-11,1.20627,November,1995,1.219909090909091
268,1995-12,1.010157894736842,December,1995,1.20627
269,1996-01,1.061825,January,1996,1.010157894736842
270,1996-02,1.21216,February,1996,1.061825
271,1996-03,1.168,March,1996,1.21216
272,1996-04,1.1951190476190476,April,1996,1.168
273,1996-05,1.2386363636363635,May,1996,1.1951190476190476
274,1996-06,1.18661,June,1996,1.2386363636363635
275,1996-07,1.0968571428571428,July,1996,1.18661
276,1996-08,1.198118181818182,August,1996,1.0968571428571428
277,1996-09,1.0718,September,1996,1.198118181818182
278,1996-10,1.136086956521739,October,1996,1.0718
279,1996-11,1.1911894736842106,November,1996,1.136086956521739
280,1996-12,1.098,December,1996,1.1911894736842106
281,1997-01,1.2754545454545454,January,1997,1.098
282,1997-02,1.6681,February,1997,1.2754545454545454
283,1997-03,1.840925,March,1997,1.6681
284,1997-04,2.0017045454545457,April,1997,1.840925
285,1997-05,2.454357142857143,May,1997,2.0017045454545457
286,1997-06,2.1110285714285717,June,1997,2.454357142857143
287,1997-07,1.7163863636363637,July,1997,2.1110285714285717
288,1997-08,1.8575761904761907,August,1997,1.7163863636363637
289,1997-09,1.7588333333333332,September,1997,1.8575761904761907
290,1997-10,1.578304347826087,October,1997,1.7588333333333332
291,1997-11,1.5655444444444444,November,1997,1.578304347826087
292,1997-12,1.689,December,1997,1.5655444444444444
293,1998-01,1.7006315789473685,January,1998,1.689
294,1998-02,1.7262263157894735,February,1998,1.7006315789473685
295,1998-03,1.4815454545454545,March,1998,1.7262263157894735
296,1998-04,1.4370238095238097,April,1998,1.4815454545454545
297,1998-05,1.2991,May,1998,1.4370238095238097
298,1998-06,1.1851454545454545,June,1998,1.2991
299,1998-07,1.1205,July,1998,1.1851454545454545
300,1998-08,1.2168666666666668,August,1998,1.1205
301,1998-09,1.068404761904762,September,1998,1.2168666666666668
302,1998-10,1.061568181818182,October,1998,1.068404761904762
303,1998-11,1.1561789473684212,November,1998,1.061568181818182
304,1998-12,1.1526818181818184,December,1998,1.1561789473684212
305,1999-01,1.1247368421052633,January,1999,1.1526818181818184
306,1999-02,1.0424421052631578,February,1999,1.1247368421052633
307,1999-03,1.0511739130434783,March,1999,1.0424421052631578
308,1999-04,1.009052380952381,April,1999,1.0511739130434783
309,1999-05,1.12035,May,1999,1.009052380952381
310,1999-06,1.0762681818181818,June,1999,1.12035
311,1999-07,0.9532380952380952,July,1999,1.0762681818181818
312,1999-08,0.9157090909090908,August,1999,0.9532380952380952
313,1999-09,0.8633095238095239,September,1999,0.9157090909090908
314,1999-10,0.9463095238095236,October,1999,0.8633095238095239
315,1999-11,1.142115,November,1999,0.9463095238095236
316,1999-12,1.2751190476190477,December,1999,1.142115
317,2000-01,1.15185,January,2000,1.2751190476190477
318,2000-02,1.06536,February,2000,1.15185
319,2000-03,1.049304347826087,March,2000,1.06536
320,2000-04,0.9682368421052632,April,2000,1.049304347826087
321,2000-05,0.9871136363636364,May,2000,0.9682368421052632
322,2000-06,0.8944772727272727,June,2000,0.9871136363636364
323,2000-07,0.929921052631579,July,2000,0.8944772727272727
324,2000-08,0.799708695652174,August,2000,0.929921052631579
325,2000-09,0.8106500000000001,September,2000,0.799708695652174
326,2000-10,0.8047954545454545,October,2000,0.8106500000000001
327,2000-11,0.718065,November,2000,0.8047954545454545
328,2000-12,0.677775,December,2000,0.718065
329,2001-01,0.6601190476190476,January,2001,0.677775
330,2001-02,0.6305736842105263,February,2001,0.6601190476190476
331,2001-03,0.6298181818181818,March,2001,0.6305736842105263
332,2001-04,0.587915,April,2001,0.6298181818181818
333,2001-05,0.6481590909090909,May,2001,0.587915
334,2001-06,0.5771095238095238,June,2001,0.6481590909090909
335,2001-07,0.5418571428571428,July,2001,0.5771095238095238
336,2001-08,0.507804347826087,August,2001,0.5418571428571428
337,2001-09,0.5018,September,2001,0.507804347826087
338,2001-10,0.4474565217391305,October,2001,0.5018
339,2001-11,0.460275,November,2001,0.4474565217391305
340,2001-12,0.4684117647058823,December,2001,0.460275
341,2002-01,0.4780714285714286,January,2002,0.4684117647058823
342,2002-02,0.4530421052631578,February,2002,0.4780714285714286
343,2002-03,0.530375,March,2002,0.4530421052631578
344,2002-04,0.5444272727272726,April,2002,0.530375
345,2002-05,0.5075681818181818,May,2002,0.5444272727272726
346,2002-06,0.4836299999999999,June,2002,0.5075681818181818
347,2002-07,0.4968333333333333,July,2002,0.4836299999999999
348,2002-08,0.4827999999999999,August,2002,0.4968333333333333
349,2002-09,0.580825,September,2002,0.4827999999999999
350,2002-10,0.6218695652173913,October,2002,0.580825
351,2002-11,0.6633631578947368,November,2002,0.6218695652173913
352,2002-12,0.640925,December,2002,0.6633631578947368
353,2003-01,0.6487142857142857,January,2003,0.640925
354,2003-02,0.6281333333333333,February,2003,0.6487142857142857
355,2003-03,0.5943333333333334,March,2003,0.6281333333333333
356,2003-04,0.6209380952380952,April,2003,0.5943333333333334
357,2003-05,0.6577380952380952,May,2003,0.6209380952380952
358,2003-06,0.5905761904761905,June,2003,0.6577380952380952
359,2003-07,0.6199318181818182,July,2003,0.5905761904761905
360,2003-08,0.6172142857142857,August,2003,0.6199318181818182
361,2003-09,0.6567380952380952,September,2003,0.6172142857142857
362,2003-10,0.6228260869565218,October,2003,0.6567380952380952
363,2003-11,0.5921944444444445,November,2003,0.6228260869565218
364,2003-12,0.6422142857142857,December,2003,0.5921944444444445
365,2004-01,0.7248947368421053,January,2004,0.6422142857142857
366,2004-02,0.7314157894736842,February,2004,0.7248947368421053
367,2004-03,0.7508260869565216,March,2004,0.7314157894736842
368,2004-04,0.7042809523809523,April,2004,0.7508260869565216
369,2004-05,0.7368750000000001,May,2004,0.7042809523809523
370,2004-06,0.7806142857142857,June,2004,0.7368750000000001
371,2004-07,0.7066666666666667,July,2004,0.7806142857142857
372,2004-08,0.6809590909090909,August,2004,0.7066666666666667
373,2004-09,0.7813809523809523,September,2004,0.6809590909090909
374,2004-10,0.7585952380952381,October,2004,0.7813809523809523
375,2004-11,0.84559,November,2004,0.7585952380952381
376,2004-12,1.0071666666666668,December,2004,0.84559
377,2005-01,1.01525,January,2005,1.0071666666666668
378,2005-02,1.1408473684210527,February,2005,1.01525
379,2005-03,1.2912954545454545,March,2005,1.1408473684210527
380,2005-04,1.2108619047619047,April,2005,1.2912954545454545
381,2005-05,1.2111666666666667,May,2005,1.2108619047619047
382,2005-06,1.1262772727272727,June,2005,1.2111666666666667
383,2005-07,1.031075,July,2005,1.1262772727272727
384,2005-08,0.9993304347826087,August,2005,1.031075
385,2005-09,0.9357142857142856,September,2005,0.9993304347826087
386,2005-10,0.9972380952380951,October,2005,0.9357142857142856
387,2005-11,1.00649,November,2005,0.9972380952380951
388,2005-12,0.9997142857142856,December,2005,1.00649
389,2006-01,1.193275,January,2006,0.9997142857142856
390,2006-02,1.1210684210526316,February,2006,1.193275
391,2006-03,1.0765434782608696,March,2006,1.1210684210526316
392,2006-04,1.084315789473684,April,2006,1.0765434782608696
393,2006-05,1.040318181818182,May,2006,1.084315789473684
394,2006-06,0.9668045454545454,June,2006,1.040318181818182
395,2006-07,0.9862,July,2006,0.9668045454545454
396,2006-08,1.0512,August,2006,0.9862
397,2006-09,1.05495,September,2006,1.0512
398,2006-10,1.0455227272727272,October,2006,1.05495
399,2006-11,1.1596499999999998,November,2006,1.0455227272727272
400,2006-12,1.26495,December,2006,1.1596499999999998
401,2007-01,1.1925,January,2007,1.26495
402,2007-02,1.1624684210526317,February,2007,1.1925
403,2007-03,1.11975,March,2007,1.1624684210526317
404,2007-04,1.084665,April,2007,1.11975
405,2007-05,1.0877272727272729,May,2007,1.084665
406,2007-06,1.141847619047619,June,2007,1.0877272727272729
407,2007-07,1.1223333333333332,July,2007,1.141847619047619
408,2007-08,1.1619826086956522,August,2007,1.1223333333333332
409,2007-09,1.2482105263157894,September,2007,1.1619826086956522
410,2007-10,1.2945,October,2007,1.2482105263157894
411,2007-11,1.230895,November,2007,1.2945
412,2007-12,1.3292368421052632,December,2007,1.230895
413,2008-01,1.3460952380952382,January,2008,1.3292368421052632
414,2008-02,1.52386,February,2008,1.3460952380952382
415,2008-03,1.44535,March,2008,1.52386
416,2008-04,1.3315409090909092,April,2008,1.44535
417,2008-05,1.3476190476190475,May,2008,1.3315409090909092
418,2008-06,1.395233333333333,June,2008,1.3476190476190475
419,2008-07,1.4113636363636364,July,2008,1.395233333333333
420,2008-08,1.3885142857142856,August,2008,1.4113636363636364
421,2008-09,1.374904761904762,September,2008,1.3885142857142856
422,2008-10,1.1478260869565218,October,2008,1.374904761904762
423,2008-11,1.1226842105263155,November,2008,1.1478260869565218
424,2008-12,1.0987272727272728,December,2008,1.1226842105263155
425,2009-01,1.1657,January,2009,1.0987272727272728
426,2009-02,1.1408315789473684,February,2009,1.1657
427,2009-03,1.1169090909090909,March,2009,1.1408315789473684
428,2009-04,1.1593619047619046,April,2009,1.1169090909090909
429,2009-05,1.29715,May,2009,1.1593619047619046
430,2009-06,1.2600636363636364,June,2009,1.29715
431,2009-07,1.1981363636363638,July,2009,1.2600636363636364
432,2009-08,1.2816190476190477,August,2009,1.1981363636363638
433,2009-09,1.2898571428571428,September,2009,1.2816190476190477
434,2009-10,1.3702045454545455,October,2009,1.2898571428571428
435,2009-11,1.37236,November,2009,1.3702045454545455
436,2009-12,1.4266818181818182,December,2009,1.37236
437,2010-01,1.401578947368421,January,2010,1.4266818181818182
438,2010-02,1.318642105263158,February,2010,1.401578947368421
439,2010-03,1.3361739130434782,March,2010,1.318642105263158
440,2010-04,1.332128571428571,April,2010,1.3361739130434782
441,2010-05,1.345025,May,2010,1.332128571428571
442,2010-06,1.5071863636363636,June,2010,1.345025
443,2010-07,1.6480476190476192,July,2010,1.5071863636363636
444,2010-08,1.73395,August,2010,1.6480476190476192
445,2010-09,1.870595238095238,September,2010,1.73395
446,2010-10,1.8866428571428573,October,2010,1.870595238095238
447,2010-11,2.0469904761904765,November,2010,1.8866428571428573
448,2010-12,2.208681818181818,December,2010,2.0469904761904765
449,2011-01,2.3595526315789472,January,2011,2.208681818181818
450,2011-02,2.5892789473684212,February,2011,2.3595526315789472
451,2011-03,2.7221956521739132,March,2011,2.5892789473684212
452,2011-04,2.817885,April,2011,2.7221956521739132
453,2011-05,2.749833333333333,May,2011,2.817885
454,2011-06,2.5801363636363637,June,2011,2.749833333333333
455,2011-07,2.5252,July,2011,2.5801363636363637
456,2011-08,2.5637086956521737,August,2011,2.5252
457,2011-09,2.5907142857142857,September,2011,2.5637086956521737
458,2011-10,2.327952380952381,October,2011,2.5907142857142857
459,2011-11,2.3093761904761902,November,2011,2.327952380952381
460,2011-12,2.248761904761905,December,2011,2.3093761904761902
461,2012-01,2.23245,January,2012,2.248761904761905
462,2012-02,2.088835,February,2012,2.23245
463,2012-03,1.8643863636363636,March,2012,2.088835
464,2012-04,1.7883,April,2012,1.8643863636363636
465,2012-05,1.7425454545454544,May,2012,1.7883
466,2012-06,1.5683666666666665,June,2012,1.7425454545454544
467,2012-07,1.8060714285714288,July,2012,1.5683666666666665
468,2012-08,1.6576260869565218,August,2012,1.8060714285714288
469,2012-09,1.7202368421052632,September,2012,1.6576260869565218
470,2012-10,1.647391304347826,October,2012,1.7202368421052632
471,2012-11,1.485142857142857,November,2012,1.647391304347826
472,2012-12,1.470475,December,2012,1.485142857142857
473,2013-01,1.5002857142857142,January,2013,1.470475
474,2013-02,1.415057894736842,February,2013,1.5002857142857142
475,2013-03,1.390225,March,2013,1.415057894736842
476,2013-04,1.3719863636363636,April,2013,1.390225
477,2013-05,1.3652727272727274,May,2013,1.3719863636363636
478,2013-06,1.234615,June,2013,1.3652727272727274
479,2013-07,1.2299545454545455,July,2013,1.234615
480,2013-08,1.1798954545454543,August,2013,1.2299545454545455
481,2013-09,1.1698,September,2013,1.1798954545454543
482,2013-10,1.127913043478261,October,2013,1.1698
483,2013-11,1.05658,November,2013,1.127913043478261
484,2013-12,1.1217857142857144,December,2013,1.05658
485,2014-01,1.1762380952380953,January,2014,1.1217857142857144
486,2014-02,1.5423631578947368,February,2014,1.1762380952380953
487,2014-03,1.889857142857143,March,2014,1.5423631578947368
488,2014-04,1.972823809523809,April,2014,1.889857142857143
489,2014-05,1.8855454545454544,May,2014,1.972823809523809
490,2014-06,1.7180142857142855,June,2014,1.8855454545454544
491,2014-07,1.7259318181818182,July,2014,1.7180142857142855
492,2014-08,1.8808285714285713,August,2014,1.7259318181818182
493,2014-09,1.887809523809524,September,2014,1.8808285714285713
494,2014-10,2.05054347826087,October,2014,1.887809523809524
495,2014-11,1.8826210526315792,November,2014,2.05054347826087
496,2014-12,1.7559772727272729,December,2014,1.8826210526315792
497,2015-01,1.692425,January,2015,1.7559772727272729
498,2015-02,1.5529684210526316,February,2015,1.692425
499,2015-03,1.3695227272727273,March,2015,1.5529684210526316
500,2015-04,1.3848619047619048,April,2015,1.3695227272727273
501,2015-05,1.32615,May,2015,1.3848619047619048
502,2015-06,1.3195045454545455,June,2015,1.32615
503,2015-07,1.2562272727272727,July,2015,1.3195045454545455
504,2015-08,1.2748619047619048,August,2015,1.2562272727272727
505,2015-09,1.189547619047619,September,2015,1.2748619047619048
506,2015-10,1.25125,October,2015,1.189547619047619
507,2015-11,1.18404,November,2015,1.25125
508,2015-12,1.21925,December,2015,1.18404
509,2016-01,1.1701052631578948,January,2016,1.21925
510,2016-02,1.166565,February,2016,1.1701052631578948
511,2016-03,1.2573636363636362,March,2016,1.166565
512,2016-04,1.2302761904761903,April,2016,1.2573636363636362
513,2016-05,1.2497380952380954,May,2016,1.2302761904761903
514,2016-06,1.3588136363636365,June,2016,1.2497380952380954
515,2016-07,1.4546,July,2016,1.3588136363636365
516,2016-08,1.4119043478260869,August,2016,1.4546
517,2016-09,1.5228809523809523,September,2016,1.4119043478260869
518,2016-10,1.5560476190476191,October,2016,1.5228809523809523
519,2016-11,1.6077619047619047,November,2016,1.5560476190476191
520,2016-12,1.4101904761904762,December,2016,1.6077619047619047
521,2017-01,1.486925,January,2017,1.4101904761904762
522,2017-02,1.4552526315789474,February,2017,1.486925
523,2017-03,1.4138695652173912,March,2017,1.4552526315789474
524,2017-04,1.3589421052631578,April,2017,1.4138695652173912
525,2017-05,1.3320454545454543,May,2017,1.3589421052631578
526,2017-06,1.2424545454545457,June,2017,1.3320454545454543
527,2017-07,1.32525,July,2017,1.2424545454545457
528,2017-08,1.335408695652174,August,2017,1.32525
529,2017-09,1.3280238095238095,September,2017,1.335408695652174
530,2017-10,1.2612045454545455,October,2017,1.3280238095238095
531,2017-11,1.259504761904762,November,2017,1.2612045454545455
532,2017-12,1.2319,December,2017,1.259504761904762
533,2018-01,1.240904761904762,January,2018,1.2319
534,2018-02,1.2090105263157895,February,2018,1.240904761904762
535,2018-03,1.1975714285714285,March,2018,1.2090105263157895
536,2018-04,1.1725285714285714,April,2018,1.1975714285714285
537,2018-05,1.2031363636363637,May,2018,1.1725285714285714
538,2018-06,1.1614428571428572,June,2018,1.2031363636363637
539,2018-07,1.1105714285714283,July,2018,1.1614428571428572
540,2018-08,1.0318217391304347,August,2018,1.1105714285714283
541,2018-09,0.9992894736842104,September,2018,1.0318217391304347
542,2018-10,1.1485,October,2018,0.9992894736842104
543,2018-11,1.1217857142857144,November,2018,1.1485
544,2018-12,1.0304,December,2018,1.1217857142857144
545,2019-01,1.0335,January,2019,1.0304
546,2019-02,0.9982052631578948,February,2019,1.0335
547,2019-03,0.9647380952380952,March,2019,0.9982052631578948
548,2019-04,0.919947619047619,April,2019,0.9647380952380952
549,2019-05,0.9266304347826086,May,2019,0.919947619047619
550,2019-06,1.008205,June,2019,0.9266304347826086
551,2019-07,1.0612826086956522,July,2019,1.008205
552,2019-08,0.94885,August,2019,1.0612826086956522
553,2019-09,0.9975238095238096,September,2019,0.94885
554,2019-10,0.9736739130434784,October,2019,0.9975238095238096
555,2019-11,1.0999904761904762,November,2019,0.9736739130434784
556,2019-12,1.2961190476190476,December,2019,1.0999904761904762
557,2020-01,1.1350454545454545,January,2020,1.2961190476190476
558,2020-02,1.041715,February,2020,1.1350454545454545
559,2020-03,1.1497727272727274,March,2020,1.041715
560,2020-04,1.1376857142857144,April,2020,1.1497727272727274
561,2020-05,1.0606190476190476,May,2020,1.1376857142857144
562,2020-06,0.9681,June,2020,1.0606190476190476
563,2020-07,1.0399772727272727,July,2020,0.9681
564,2020-08,1.188795238095238,August,2020,1.0399772727272727
565,2020-09,1.2141818181818185,September,2020,1.188795238095238
566,2020-10,1.0740227272727272,October,2020,1.2141818181818185
567,2020-11,1.1222238095238095,November,2020,1.0740227272727272
568,2020-12,1.2290227272727272,December,2020,1.1222238095238095
569,2021-01,1.245875,January,2021,1.2290227272727272
570,2021-02,1.2710050000000002,February,2021,1.245875
571,2021-03,1.3003260869565216,March,2021,1.2710050000000002
572,2021-04,1.3261857142857143,April,2021,1.3003260869565216
573,2021-05,1.5045238095238094,May,2021,1.3261857142857143
574,2021-06,1.5633454545454546,June,2021,1.5045238095238094
575,2021-07,1.6879318181818184,July,2021,1.5633454545454546
576,2021-08,1.821504545454545,August,2021,1.6879318181818184
577,2021-09,1.9023636363636365,September,2021,1.821504545454545
578,2021-10,2.027690476190476,October,2021,1.9023636363636365
579,2021-11,2.224381818181818,November,2021,2.027690476190476
580,2021-12,2.3438695652173913,December,2021,2.224381818181818
581,2022-01,2.3640238095238097,January,2022,2.3438695652173913
582,2022-02,2.4609449999999997,February,2022,2.3640238095238097
583,2022-03,2.228586956521739,March,2022,2.4609449999999997
584,2022-04,2.255725,April,2022,2.228586956521739
585,2022-05,2.185772727272727,May,2022,2.255725
586,2022-06,2.3087136363636365,June,2022,2.185772727272727
587,2022-07,2.178404761904762,July,2022,2.3087136363636365
588,2022-08,2.243478260869565,August,2022,2.178404761904762
589,2022-09,2.2445454545454546,September,2022,2.243478260869565
590,2022-10,1.989047619047619,October,2022,2.2445454545454546
591,2022-11,1.646818181818182,November,2022,1.989047619047619
592,2022-12,1.6604545454545454,December,2022,1.646818181818182
593,2023-01,1.5894727272727274,January,2023,1.6604545454545454
594,2023-02,1.81267,February,2023,1.5894727272727274
595,2023-03,1.7635695652173913,March,2023,1.81267
596,2023-04,1.879125,April,2023,1.7635695652173913
597,2023-05,1.8417608695652177,May,2023,1.879125
598,2023-06,1.7558454545454545,June,2023,1.8417608695652177
599,2023-07,1.593847619047619,July,2023,1.7558454545454545
600,2023-08,1.5567260869565216,August,2023,1.593847619047619
601,2023-09,1.5260714285714283,September,2023,1.5567260869565216
602,2023-10,1.5525363636363636,October,2023,1.5260714285714283
603,2023-11,1.3445315789473684,November,2023,1.5525363636363636
604,2023-12,1.5426523809523809,December,2023,1.3445315789473684
605,2024-01,1.8470347826086957,January,2024,1.5426523809523809
606,2024-02,1.9228095238095235,February,2024,1.8470347826086957
607,2024-03,1.9004047619047624,March,2024,1.9228095238095235
608,2024-04,0.8636909090909092,April,2024,1.9004047619047624
609,2024-05,2.116108695652174,May,2024,0.8636909090909092
610,2024-06,2.277275,June,2024,2.116108695652174
611,2024-07,2.371608695652174,July,2024,2.277275
612,2024-08,2.436863636363636,August,2024,2.371608695652174
613,2024-09,2.52665625,September,2024,2.436863636363636
